<?xml version="1.0" encoding="UTF-8"?>
<project-private xmlns="http://www.netbeans.org/ns/project-private/1">
    <editor-bookmarks xmlns="http://www.netbeans.org/ns/editor-bookmarks/2" lastBookmarkId="0"/>
    <open-files xmlns="http://www.netbeans.org/ns/projectui-open-files/2">
        <group>
            <file>file:/C:/Users/Mohammad%20Hamza/Documents/NetBeansProjects/university%20management%20system/src/MOHI_MIS/AddTeacher.java</file>
            <file>file:/C:/Users/Mohammad%20Hamza/Documents/NetBeansProjects/university%20management%20system/src/MOHI_MIS/AddUniversity.java</file>
            <file>file:/C:/Users/Mohammad%20Hamza/Documents/NetBeansProjects/university%20management%20system/src/MOHI_MIS/AddRankUniversity.java</file>
            <file>file:/C:/Users/Mohammad%20Hamza/Documents/NetBeansProjects/university%20management%20system/src/MOHI_MIS/Home.java</file>
        </group>
    </open-files>
</project-private>
